<?xml version="1.0" encoding="utf-8"?>
<SoundBanksInfo Platform="Windows" BasePlatform="Windows" SchemaVersion="12" SoundbankVersion="140">
	<RootPaths>
		<ProjectRoot>/Users/kylehassien/Library/Application Support/Wwise2019/Bottles/Wwise2019x64/dosdevices/y:/Downloads/Nightfall Defenders/</ProjectRoot>
		<SourceFilesRoot>/Users/kylehassien/Library/Application Support/Wwise2019/Bottles/Wwise2019x64/dosdevices/y:/Downloads/Nightfall Defenders/.cache/Windows/</SourceFilesRoot>
		<SoundBanksRoot>/Users/kylehassien/Library/Application Support/Wwise2019/Bottles/Wwise2019x64/dosdevices/y:/Downloads/Nightfall Defenders/GeneratedSoundBanks/Windows/</SoundBanksRoot>
		<ExternalSourcesInputFile></ExternalSourcesInputFile>
		<ExternalSourcesOutputRoot>/Users/kylehassien/Library/Application Support/Wwise2019/Bottles/Wwise2019x64/dosdevices/y:/Downloads/Nightfall Defenders/GeneratedSoundBanks/Windows</ExternalSourcesOutputRoot>
	</RootPaths>
	<DialogueEvents/>
	<StreamedFiles/>
	<MediaFilesNotInAnyBank/>
	<SoundBanks>
		<SoundBank Id="1355168291" Language="SFX" Hash="1975890898">
			<ObjectPath>Init</ObjectPath>
			<ShortName>Init</ShortName>
			<Path>Init.bnk</Path>
		</SoundBank>
		<SoundBank Id="3626155605" Language="SFX" Hash="2058879859">
			<ObjectPath>\SoundBanks\Default Work Unit\Game_Soundbank</ObjectPath>
			<ShortName>Game_Soundbank</ShortName>
			<Path>Game_Soundbank.bnk</Path>
			<IncludedEvents>
				<Event Id="3209341821" Name="mx_load" ObjectPath="\Events\Default Work Unit\mx_load" MaxAttenuation="0.000000" DurationType="OneShot" DurationMin="0.000000" DurationMax="0.000000"/>
				<Event Id="4168437329" Name="sfx_blockplace" ObjectPath="\Events\Default Work Unit\Blocks\sfx_blockplace" DurationType="OneShot" DurationMin="0.000000" DurationMax="0.000000"/>
				<Event Id="2704462632" Name="sfx_blockselect" ObjectPath="\Events\Default Work Unit\Blocks\sfx_blockselect" DurationType="OneShot" DurationMin="0.000000" DurationMax="0.000000"/>
				<Event Id="1227511675" Name="sfx_bowfire" ObjectPath="\Events\Default Work Unit\Weapons\Bow\sfx_bowfire" DurationType="OneShot" DurationMin="0.000000" DurationMax="0.000000"/>
				<Event Id="1827328085" Name="sfx_bowimpact" ObjectPath="\Events\Default Work Unit\Weapons\Bow\sfx_bowimpact" DurationType="OneShot" DurationMin="0.000000" DurationMax="0.000000"/>
				<Event Id="2228552981" Name="sfx_crossbowfire" ObjectPath="\Events\Default Work Unit\Weapons\Crossbow\sfx_crossbowfire" DurationType="OneShot" DurationMin="0.000000" DurationMax="0.000000"/>
				<Event Id="4097826627" Name="sfx_crossbowimpact" ObjectPath="\Events\Default Work Unit\Weapons\Crossbow\sfx_crossbowimpact" DurationType="OneShot" DurationMin="0.000000" DurationMax="0.000000"/>
				<Event Id="1478578968" Name="sfx_ghostdeath" ObjectPath="\Events\Default Work Unit\Enemies\Ghost\sfx_ghostdeath" DurationType="OneShot" DurationMin="0.000000" DurationMax="0.000000"/>
				<Event Id="2867377988" Name="sfx_ghostidle" ObjectPath="\Events\Default Work Unit\Enemies\Ghost\sfx_ghostidle" DurationType="OneShot" DurationMin="0.000000" DurationMax="0.000000"/>
				<Event Id="3538641524" Name="sfx_holywaterfire" ObjectPath="\Events\Default Work Unit\Weapons\Holy Water\sfx_holywaterfire" DurationType="OneShot" DurationMin="0.000000" DurationMax="0.000000"/>
				<Event Id="1313740958" Name="sfx_holywaterimpact" ObjectPath="\Events\Default Work Unit\Weapons\Holy Water\sfx_holywaterimpact" DurationType="OneShot" DurationMin="0.000000" DurationMax="0.000000"/>
				<Event Id="78956361" Name="sfx_wolfdeath" ObjectPath="\Events\Default Work Unit\Enemies\Werewolf\sfx_wolfdeath" DurationType="OneShot" DurationMin="0.000000" DurationMax="0.000000"/>
				<Event Id="2701163063" Name="sfx_wolfidle" ObjectPath="\Events\Default Work Unit\Enemies\Werewolf\sfx_wolfidle" DurationType="OneShot" DurationMin="0.000000" DurationMax="0.000000"/>
				<Event Id="4207897919" Name="sfx_zombiedeath" ObjectPath="\Events\Default Work Unit\Enemies\Zombie\sfx_zombiedeath" DurationType="OneShot" DurationMin="0.000000" DurationMax="0.000000"/>
				<Event Id="1310493985" Name="sfx_zombieidle" ObjectPath="\Events\Default Work Unit\Enemies\Zombie\sfx_zombieidle" DurationType="OneShot" DurationMin="0.000000" DurationMax="0.000000"/>
			</IncludedEvents>
		</SoundBank>
	</SoundBanks>
</SoundBanksInfo>
